{"total_tokens_used": 28543, "pending_tokens": 976558, "limit": 1000000, "requests_today": 7, "requests_this_minute": 1, "last_minute_reset_time": 1780633442.8087685, "last_day_reset_time": 1780547701.7559233}