{"total_tokens_used": 59434, "pending_tokens": 999610, "limit": 1000000, "requests_today": 2, "requests_this_minute": 1, "last_minute_reset_time": 1781165025.763783, "last_day_reset_time": 1781164864.241671}