{"total_tokens_used": 64925, "pending_tokens": 994119, "limit": 1000000, "requests_today": 29, "requests_this_minute": 1, "last_minute_reset_time": 1781246692.9900718, "last_day_reset_time": 1781164864.241671}