{"total_tokens_used": 28543, "pending_tokens": 1000000, "limit": 1000000, "requests_today": 0, "requests_this_minute": 0, "last_minute_reset_time": 1780645713.38405, "last_day_reset_time": 1780645713.38405}