{"total_tokens_used": 13539, "pending_tokens": 991562, "limit": 1000000, "requests_today": 3, "requests_this_minute": 1, "last_minute_reset_time": 1780552671.4184437, "last_day_reset_time": 1780547701.7559233}