{"total_tokens_used": 52096, "pending_tokens": 989098, "limit": 1000000, "requests_today": 14, "requests_this_minute": 2, "last_minute_reset_time": 1780946003.0687902, "last_day_reset_time": 1780904310.1228414}