{"total_tokens_used": 5101, "pending_tokens": 994899, "limit": 1000000, "requests_today": 9, "requests_this_minute": 1, "last_minute_reset_time": 1780421340.0275702, "last_day_reset_time": 1780344436.0220494}