{"total_tokens_used": 51370, "pending_tokens": 989824, "limit": 1000000, "requests_today": 11, "requests_this_minute": 1, "last_minute_reset_time": 1780928292.2127197, "last_day_reset_time": 1780904310.1228414}