{"total_tokens_used": 59044, "pending_tokens": 995732, "limit": 1000000, "requests_today": 3, "requests_this_minute": 0, "last_minute_reset_time": 1781007605.9343412, "last_day_reset_time": 1781003985.5796533}