{"total_tokens_used": 52664, "pending_tokens": 988530, "limit": 1000000, "requests_today": 16, "requests_this_minute": 1, "last_minute_reset_time": 1780983551.3447795, "last_day_reset_time": 1780904310.1228414}