{"total_tokens_used": 72939, "pending_tokens": 991986, "limit": 1000000, "requests_today": 11, "requests_this_minute": 1, "last_minute_reset_time": 1781269293.278794, "last_day_reset_time": 1781252772.2015607}