{"total_tokens_used": 75400, "pending_tokens": 989525, "limit": 1000000, "requests_today": 14, "requests_this_minute": 1, "last_minute_reset_time": 1781271319.9100642, "last_day_reset_time": 1781252772.2015607}